external_path,job_id,job_url,locations_text,posted_on,title
/job/Englewood-CO/IT-Support-Technician----Pulte-Mortgage-_JR7635,JR7635,https://pultegroup.wd1.myworkdayjobs.com/en-US/PGI/job/Englewood-CO/IT-Support-Technician----Pulte-Mortgage-_JR7635,"Englewood, CO",Posted Yesterday,IT Support Technician - (Pulte Mortgage)
/job/Salt-Lake-City-UT/Sales-Consultant---Salem_JR7634-1,JR7634,https://pultegroup.wd1.myworkdayjobs.com/en-US/PGI/job/Salt-Lake-City-UT/Sales-Consultant---Salem_JR7634-1,"Salt Lake City, UT",Posted Yesterday,Sales Consultant - Salem
/job/Las-Vegas-NV/Customer-Care-Manager-II_JR7633,JR7633,https://pultegroup.wd1.myworkdayjobs.com/en-US/PGI/job/Las-Vegas-NV/Customer-Care-Manager-II_JR7633,"Las Vegas, NV",Posted Yesterday,Customer Care Manager II
/job/Bonita-Springs-FL/Branch-Coordinator--Pulte-Mortgage-_JR7283,JR7283,https://pultegroup.wd1.myworkdayjobs.com/en-US/PGI/job/Bonita-Springs-FL/Branch-Coordinator--Pulte-Mortgage-_JR7283,"Bonita Springs, FL",Posted Yesterday,Licensed Branch Coordinator (Pulte Mortgage)
/job/North-Charleston-SC/Material-Handler_JR7140,JR7140,https://pultegroup.wd1.myworkdayjobs.com/en-US/PGI/job/North-Charleston-SC/Material-Handler_JR7140,"North Charleston, SC",Posted Yesterday,Material Handler
/job/San-Antonio-TX/Host-II---San-Antonio--TX_JR7321,JR7321,https://pultegroup.wd1.myworkdayjobs.com/en-US/PGI/job/San-Antonio-TX/Host-II---San-Antonio--TX_JR7321,"San Antonio, TX",Posted 2 Days Ago,"Host II - San Antonio, TX"
/job/Florence-SC/Manufacturing-Technical-Support-Engineer_JR7629,JR7629,https://pultegroup.wd1.myworkdayjobs.com/en-US/PGI/job/Florence-SC/Manufacturing-Technical-Support-Engineer_JR7629,"Florence, SC",Posted 2 Days Ago,Manufacturing Technical Support Engineer
/job/Dublin-OH/Assistant-Controller_JR7588,JR7588,https://pultegroup.wd1.myworkdayjobs.com/en-US/PGI/job/Dublin-OH/Assistant-Controller_JR7588,"Dublin, OH",Posted 2 Days Ago,Assistant Controller
/job/Las-Vegas-NV/Division-VP-Land-Acquisition_JR7625,JR7625,https://pultegroup.wd1.myworkdayjobs.com/en-US/PGI/job/Las-Vegas-NV/Division-VP-Land-Acquisition_JR7625,"Las Vegas, NV",Posted 3 Days Ago,Division VP Land Acquisition
/job/North-Charleston-SC/Assistant-Customer-Care-Manager---Charleston--SC_JR7620,JR7620,https://pultegroup.wd1.myworkdayjobs.com/en-US/PGI/job/North-Charleston-SC/Assistant-Customer-Care-Manager---Charleston--SC_JR7620,"North Charleston, SC",Posted 3 Days Ago,"Assistant Customer Care Manager - Charleston, SC"
/job/Atlanta-GA/National-Purchasing-Director_JR7616,JR7616,https://pultegroup.wd1.myworkdayjobs.com/en-US/PGI/job/Atlanta-GA/National-Purchasing-Director_JR7616,"Atlanta, GA",Posted 3 Days Ago,National Purchasing Director
/job/Cary-NC/Sales-Consultant---Raleigh--NC_JR7595-1,JR7595,https://pultegroup.wd1.myworkdayjobs.com/en-US/PGI/job/Cary-NC/Sales-Consultant---Raleigh--NC_JR7595-1,"Cary, NC",Posted 4 Days Ago,"Sales Consultant - Raleigh, NC"
/job/Medina-OH/Land-Acquisition-Manager_JR7619,JR7619,https://pultegroup.wd1.myworkdayjobs.com/en-US/PGI/job/Medina-OH/Land-Acquisition-Manager_JR7619,"Medina, OH",Posted 4 Days Ago,Land Acquisition Manager
/job/Hilton-Head-SC/Mortgage-Financing-Advisor----Pulte-Mortgage-_JR7353,JR7353,https://pultegroup.wd1.myworkdayjobs.com/en-US/PGI/job/Hilton-Head-SC/Mortgage-Financing-Advisor----Pulte-Mortgage-_JR7353,"Hilton Head, SC",Posted 4 Days Ago,Mortgage Financing Advisor - (Pulte Mortgage)
/job/Jacksonville-FL/Construction-Manager_JR7618,JR7618,https://pultegroup.wd1.myworkdayjobs.com/en-US/PGI/job/Jacksonville-FL/Construction-Manager_JR7618,"Jacksonville, FL",Posted 4 Days Ago,Construction Manager
/job/Schaumburg-IL/Host--Part-time-_JR7617-1,JR7617,https://pultegroup.wd1.myworkdayjobs.com/en-US/PGI/job/Schaumburg-IL/Host--Part-time-_JR7617-1,"Schaumburg, IL",Posted 7 Days Ago,Host (Part-time)
/job/Atlanta-GA/National-Purchasing-Manager_JR7606,JR7606,https://pultegroup.wd1.myworkdayjobs.com/en-US/PGI/job/Atlanta-GA/National-Purchasing-Manager_JR7606,"Atlanta, GA",Posted 7 Days Ago,National Purchasing Manager
/job/West-Palm-Beach-FL/Land-Project-Manager_JR7607,JR7607,https://pultegroup.wd1.myworkdayjobs.com/en-US/PGI/job/West-Palm-Beach-FL/Land-Project-Manager_JR7607,"West Palm Beach, FL",Posted 8 Days Ago,Land Project Manager
/job/Orlando-FL/Associate-Engineer---Field-Services_JR7589,JR7589,https://pultegroup.wd1.myworkdayjobs.com/en-US/PGI/job/Orlando-FL/Associate-Engineer---Field-Services_JR7589,"Orlando, FL",Posted 8 Days Ago,Associate Engineer - Field Services
/job/Medina-OH/Assistant-Controller_JR7603-1,JR7603,https://pultegroup.wd1.myworkdayjobs.com/en-US/PGI/job/Medina-OH/Assistant-Controller_JR7603-1,"Medina, OH",Posted 8 Days Ago,Assistant Controller
/job/Orlando-FL/Mortgage-Financing-Advisor----Pulte-Mortgage-_JR7159,JR7159,https://pultegroup.wd1.myworkdayjobs.com/en-US/PGI/job/Orlando-FL/Mortgage-Financing-Advisor----Pulte-Mortgage-_JR7159,"Orlando, FL",Posted 16 Days Ago,Mortgage Financing Advisor - (Pulte Mortgage)
/job/Carmel-IN/Customer-Care-Manager-II_JR7556,JR7556,https://pultegroup.wd1.myworkdayjobs.com/en-US/PGI/job/Carmel-IN/Customer-Care-Manager-II_JR7556,"Carmel, IN",Posted 16 Days Ago,Customer Care Manager II
/job/Greenville-SC/Sales-Consultant--Spartanburg-Area-_JR7577,JR7577,https://pultegroup.wd1.myworkdayjobs.com/en-US/PGI/job/Greenville-SC/Sales-Consultant--Spartanburg-Area-_JR7577,"Greenville, SC",Posted 17 Days Ago,Sales Consultant (Spartanburg Area)
/job/Cary-NC/General-Sales-Manager---Cary--NC_JR7576,JR7576,https://pultegroup.wd1.myworkdayjobs.com/en-US/PGI/job/Cary-NC/General-Sales-Manager---Cary--NC_JR7576,"Cary, NC",Posted 17 Days Ago,"General Sales Manager - Cary, NC"
/job/Florence-SC/XMLNAME-2nd-Shift-Component-Assembler---Truss_JR6691,JR6691,https://pultegroup.wd1.myworkdayjobs.com/en-US/PGI/job/Florence-SC/XMLNAME-2nd-Shift-Component-Assembler---Truss_JR6691,"Florence, SC",Posted 17 Days Ago,2nd Shift Component Assembler - Truss
/job/Bonita-Springs-FL/Online-Sales-Specialist_JR7572,JR7572,https://pultegroup.wd1.myworkdayjobs.com/en-US/PGI/job/Bonita-Springs-FL/Online-Sales-Specialist_JR7572,"Bonita Springs, FL",Posted 17 Days Ago,Online Sales Specialist
/job/Jacksonville-FL/Division-Financial-Analyst_JR7571,JR7571,https://pultegroup.wd1.myworkdayjobs.com/en-US/PGI/job/Jacksonville-FL/Division-Financial-Analyst_JR7571,"Jacksonville, FL",Posted 17 Days Ago,Division Financial Analyst
/job/Bridgewater-TWP-NJ/Escrow-Officer--PGPTitle-_JR7510,JR7510,https://pultegroup.wd1.myworkdayjobs.com/en-US/PGI/job/Bridgewater-TWP-NJ/Escrow-Officer--PGPTitle-_JR7510,"Bridgewater TWP, NJ",Posted 18 Days Ago,Escrow Officer (PGPTitle)
/job/Atlanta-GA/Analyst_JR7562,JR7562,https://pultegroup.wd1.myworkdayjobs.com/en-US/PGI/job/Atlanta-GA/Analyst_JR7562,"Atlanta, GA",Posted 18 Days Ago,Analyst
/job/Carmel-IN/Division-Product-Agent_JR7565,JR7565,https://pultegroup.wd1.myworkdayjobs.com/en-US/PGI/job/Carmel-IN/Division-Product-Agent_JR7565,"Carmel, IN",Posted 18 Days Ago,Division Product Agent
/job/West-Palm-Beach-FL/Administrative-Assistant_JR7564,JR7564,https://pultegroup.wd1.myworkdayjobs.com/en-US/PGI/job/West-Palm-Beach-FL/Administrative-Assistant_JR7564,"West Palm Beach, FL",Posted 18 Days Ago,Administrative Assistant
/job/Dublin-OH/Manager-of-Market-Intelligence_JR7558,JR7558,https://pultegroup.wd1.myworkdayjobs.com/en-US/PGI/job/Dublin-OH/Manager-of-Market-Intelligence_JR7558,"Dublin, OH",Posted 18 Days Ago,Manager of Market Intelligence
/job/Westborough-MA/Customer-Care-Manager-II_JR7555,JR7555,https://pultegroup.wd1.myworkdayjobs.com/en-US/PGI/job/Westborough-MA/Customer-Care-Manager-II_JR7555,"Westborough, MA",Posted 21 Days Ago,Customer Care Manager II
/job/Jacksonville-FL/Online-Sales-Specialist_JR7223,JR7223,https://pultegroup.wd1.myworkdayjobs.com/en-US/PGI/job/Jacksonville-FL/Online-Sales-Specialist_JR7223,"Jacksonville, FL",Posted 21 Days Ago,Online Sales Specialist
/job/Pleasanton-CA/Host---Lathrop--CA--Part-time-_JR7553,JR7553,https://pultegroup.wd1.myworkdayjobs.com/en-US/PGI/job/Pleasanton-CA/Host---Lathrop--CA--Part-time-_JR7553,"Pleasanton, CA",Posted 22 Days Ago,"Host - Lathrop, CA (Part-time)"
/job/Cary-NC/Purchasing-Analyst-I---Cary--NC_JR7518,JR7518,https://pultegroup.wd1.myworkdayjobs.com/en-US/PGI/job/Cary-NC/Purchasing-Analyst-I---Cary--NC_JR7518,"Cary, NC",Posted 22 Days Ago,"Purchasing Analyst I - Cary, NC"
/job/North-Charleston-SC/Marketing-Coordinator---Charleston--SC_JR7459,JR7459,https://pultegroup.wd1.myworkdayjobs.com/en-US/PGI/job/North-Charleston-SC/Marketing-Coordinator---Charleston--SC_JR7459,"North Charleston, SC",Posted 22 Days Ago,"Marketing Coordinator - Charleston, SC"
/job/Coppell-TX/Business-Controls-Officer--Pulte-Mortgage-_JR7480,JR7480,https://pultegroup.wd1.myworkdayjobs.com/en-US/PGI/job/Coppell-TX/Business-Controls-Officer--Pulte-Mortgage-_JR7480,"Coppell, TX",Posted 24 Days Ago,Senior Business Controls Officer (Pulte Mortgage)
/job/Myrtle-Beach-SC/Marketing-Coordinator---Myrtle-Beach--SC_JR7514,JR7514,https://pultegroup.wd1.myworkdayjobs.com/en-US/PGI/job/Myrtle-Beach-SC/Marketing-Coordinator---Myrtle-Beach--SC_JR7514,"Myrtle Beach, SC",Posted 24 Days Ago,"Marketing Coordinator - Myrtle Beach, SC"
/job/Philadelphia-PA/General-Sales-Manager_JR7523,JR7523,https://pultegroup.wd1.myworkdayjobs.com/en-US/PGI/job/Philadelphia-PA/General-Sales-Manager_JR7523,"Philadelphia, PA",Posted 24 Days Ago,General Sales Manager
/job/Bridgewater-TWP-NJ/Land-Planning---Entitlement-Manager_JR7549,JR7549,https://pultegroup.wd1.myworkdayjobs.com/en-US/PGI/job/Bridgewater-TWP-NJ/Land-Planning---Entitlement-Manager_JR7549,"Bridgewater TWP, NJ",Posted 25 Days Ago,Land Planning & Entitlement Manager
/job/San-Antonio-TX/Escrow-Officer--PGP-Title-_JR7456,JR7456,https://pultegroup.wd1.myworkdayjobs.com/en-US/PGI/job/San-Antonio-TX/Escrow-Officer--PGP-Title-_JR7456,"San Antonio, TX",Posted 25 Days Ago,Escrow Officer (PGP Title)
/job/Green-Cove-Springs-FL/XMLNAME-2nd-Shift-Component-Assembler--Panel-_JR6834,JR6834,https://pultegroup.wd1.myworkdayjobs.com/en-US/PGI/job/Green-Cove-Springs-FL/XMLNAME-2nd-Shift-Component-Assembler--Panel-_JR6834,"Green Cove Springs, FL",Posted 25 Days Ago,2nd Shift Component Assembler (Panel)
/job/Green-Cove-Springs-FL/XMLNAME-2nd-Shift-Component-Assembler---Truss_JR7060,JR7060,https://pultegroup.wd1.myworkdayjobs.com/en-US/PGI/job/Green-Cove-Springs-FL/XMLNAME-2nd-Shift-Component-Assembler---Truss_JR7060,"Green Cove Springs, FL",Posted 25 Days Ago,2nd Shift Component Assembler - Truss
/job/Greenville-SC/Mortgage-Financing-Advisor----Pulte-Mortgage-_JR7545,JR7545,https://pultegroup.wd1.myworkdayjobs.com/en-US/PGI/job/Greenville-SC/Mortgage-Financing-Advisor----Pulte-Mortgage-_JR7545,"Greenville, SC",Posted 28 Days Ago,Mortgage Financing Advisor - (Pulte Mortgage)
/job/Fairfax-VA/Construction-Manager---HD--High-Density-_JR7395-1,JR7395,https://pultegroup.wd1.myworkdayjobs.com/en-US/PGI/job/Fairfax-VA/Construction-Manager---HD--High-Density-_JR7395-1,2 Locations,Posted 28 Days Ago,Construction Manager - HD (High Density)
/job/Houston-TX/Senior-Procurement-Agent---Houston--TX_JR7542,JR7542,https://pultegroup.wd1.myworkdayjobs.com/en-US/PGI/job/Houston-TX/Senior-Procurement-Agent---Houston--TX_JR7542,"Houston, TX",Posted 28 Days Ago,"Senior Procurement Agent - Houston, TX"
/job/Schaumburg-IL/Construction-Manager_JR7475-1,JR7475,https://pultegroup.wd1.myworkdayjobs.com/en-US/PGI/job/Schaumburg-IL/Construction-Manager_JR7475-1,"Schaumburg, IL",Posted 29 Days Ago,Construction Manager
/job/Tempe-AZ/Security-Engineer_JR7310,JR7310,https://pultegroup.wd1.myworkdayjobs.com/en-US/PGI/job/Tempe-AZ/Security-Engineer_JR7310,3 Locations,Posted 30 Days Ago,Security Engineer
/job/Dublin-OH/New-Home-Sales-Consultant_JR7526,JR7526,https://pultegroup.wd1.myworkdayjobs.com/en-US/PGI/job/Dublin-OH/New-Home-Sales-Consultant_JR7526,"Dublin, OH",Posted 30+ Days Ago,New Home Sales Consultant
/job/Bridgewater-TWP-NJ/Land-Development-Manager_JR7412,JR7412,https://pultegroup.wd1.myworkdayjobs.com/en-US/PGI/job/Bridgewater-TWP-NJ/Land-Development-Manager_JR7412,"Bridgewater TWP, NJ",Posted 30+ Days Ago,Land Development Manager
/job/West-Palm-Beach-FL/Resident-Ambassador_JR6597,JR6597,https://pultegroup.wd1.myworkdayjobs.com/en-US/PGI/job/West-Palm-Beach-FL/Resident-Ambassador_JR6597,"West Palm Beach, FL",Posted 30+ Days Ago,Resident Ambassador
/job/Hilton-Head-SC/Sales-Consultant---Bluffton-Hilton-Head--SC_JR6258-1,JR6258,https://pultegroup.wd1.myworkdayjobs.com/en-US/PGI/job/Hilton-Head-SC/Sales-Consultant---Bluffton-Hilton-Head--SC_JR6258-1,"Hilton Head, SC",Posted 30+ Days Ago,"Sales Consultant - Bluffton/Hilton Head, SC"
/job/Avon-Lake-OH/Construction-Manager_JR7509,JR7509,https://pultegroup.wd1.myworkdayjobs.com/en-US/PGI/job/Avon-Lake-OH/Construction-Manager_JR7509,"Avon Lake, OH",Posted 30+ Days Ago,Construction Manager
/job/Cary-NC/Resident-Ambassador---Clayton--NC_JR7511,JR7511,https://pultegroup.wd1.myworkdayjobs.com/en-US/PGI/job/Cary-NC/Resident-Ambassador---Clayton--NC_JR7511,"Cary, NC",Posted 30+ Days Ago,"Resident Ambassador - Clayton, NC"
/job/Florence-SC/XMLNAME-2nd-Shift-Component-Assembler--Panel-_JR6591,JR6591,https://pultegroup.wd1.myworkdayjobs.com/en-US/PGI/job/Florence-SC/XMLNAME-2nd-Shift-Component-Assembler--Panel-_JR6591,"Florence, SC",Posted 30+ Days Ago,2nd Shift Component Assembler (Panel)
/job/Florence-SC/XMLNAME-1st-Shift-Component-Assembler--Truss-_JR7246-1,JR7246,https://pultegroup.wd1.myworkdayjobs.com/en-US/PGI/job/Florence-SC/XMLNAME-1st-Shift-Component-Assembler--Truss-_JR7246-1,"Florence, SC",Posted 30+ Days Ago,1st Shift Component Assembler (Truss)
/job/San-Antonio-TX/Sales-Consultant---San-Antonio--TX_JR7176,JR7176,https://pultegroup.wd1.myworkdayjobs.com/en-US/PGI/job/San-Antonio-TX/Sales-Consultant---San-Antonio--TX_JR7176,"San Antonio, TX",Posted 30+ Days Ago,"Sales Consultant - San Antonio, TX"
/job/Charlotte-NC/Mortgage-Financing-Advisor----Pulte-Mortgage-_JR7483,JR7483,https://pultegroup.wd1.myworkdayjobs.com/en-US/PGI/job/Charlotte-NC/Mortgage-Financing-Advisor----Pulte-Mortgage-_JR7483,"Charlotte, NC",Posted 30+ Days Ago,Mortgage Financing Advisor - (Pulte Mortgage)
/job/Carmel-IN/Assistant-Construction-Manager_JR7476,JR7476,https://pultegroup.wd1.myworkdayjobs.com/en-US/PGI/job/Carmel-IN/Assistant-Construction-Manager_JR7476,"Carmel, IN",Posted 30+ Days Ago,Assistant Construction Manager
/job/Savannah-GA-ICG/Superintendent_JR7195,JR7195,https://pultegroup.wd1.myworkdayjobs.com/en-US/PGI/job/Savannah-GA-ICG/Superintendent_JR7195,"Savannah, GA (ICG)",Posted 30+ Days Ago,Superintendent
/job/Ocala-FL/Sales-Consultant_JR7190,JR7190,https://pultegroup.wd1.myworkdayjobs.com/en-US/PGI/job/Ocala-FL/Sales-Consultant_JR7190,"Ocala, FL",Posted 30+ Days Ago,Sales Consultant
/job/Myrtle-Beach-SC/Land-Development-Manager---Myrtle-Beach--SC_JR7184,JR7184,https://pultegroup.wd1.myworkdayjobs.com/en-US/PGI/job/Myrtle-Beach-SC/Land-Development-Manager---Myrtle-Beach--SC_JR7184,"Myrtle Beach, SC",Posted 30+ Days Ago,"Land Development Manager - Myrtle Beach, SC"
/job/Charlotte-NC/Sales-Consultant---Charlotte--NC_JR7162,JR7162,https://pultegroup.wd1.myworkdayjobs.com/en-US/PGI/job/Charlotte-NC/Sales-Consultant---Charlotte--NC_JR7162,"Charlotte, NC",Posted 30+ Days Ago,"Sales Consultant - Charlotte, NC"
/job/Savannah-GA/Sales-Administrator---Savannah--GA_JR7112,JR7112,https://pultegroup.wd1.myworkdayjobs.com/en-US/PGI/job/Savannah-GA/Sales-Administrator---Savannah--GA_JR7112,"Savannah, GA",Posted 30+ Days Ago,"Sales Administrator - Savannah, GA"
/job/Charlotte-NC/Sales-Consultant---Charlotte--NC_JR7110,JR7110,https://pultegroup.wd1.myworkdayjobs.com/en-US/PGI/job/Charlotte-NC/Sales-Consultant---Charlotte--NC_JR7110,"Charlotte, NC",Posted 30+ Days Ago,"Sales Consultant - Charlotte, NC"
/job/Greenville-SC/Project-Manager-Land-Acquisition_JR7102,JR7102,https://pultegroup.wd1.myworkdayjobs.com/en-US/PGI/job/Greenville-SC/Project-Manager-Land-Acquisition_JR7102,"Greenville, SC",Posted 30+ Days Ago,Project Manager Land Acquisition
/job/Salt-Lake-City-UT/Project-Manager--ZONE-_JR7009,JR7009,https://pultegroup.wd1.myworkdayjobs.com/en-US/PGI/job/Salt-Lake-City-UT/Project-Manager--ZONE-_JR7009,"Salt Lake City, UT",Posted 30+ Days Ago,Architectural Project Manager
/job/Bonita-Springs-FL/Sales-Consultant_JR7071,JR7071,https://pultegroup.wd1.myworkdayjobs.com/en-US/PGI/job/Bonita-Springs-FL/Sales-Consultant_JR7071,"Bonita Springs, FL",Posted 30+ Days Ago,Sales Consultant
/job/Greenville-SC/Sales-Consultant_JR3975,JR3975,https://pultegroup.wd1.myworkdayjobs.com/en-US/PGI/job/Greenville-SC/Sales-Consultant_JR3975,"Greenville, SC",Posted 30+ Days Ago,Sales Consultant
/job/Riverview-FL/Marketing-Coordinator_JR6678-1,JR6678,https://pultegroup.wd1.myworkdayjobs.com/en-US/PGI/job/Riverview-FL/Marketing-Coordinator_JR6678-1,"Riverview, FL",Posted 30+ Days Ago,Marketing Coordinator
/job/Summerville-SC/Material-Handler_JR6957-1,JR6957,https://pultegroup.wd1.myworkdayjobs.com/en-US/PGI/job/Summerville-SC/Material-Handler_JR6957-1,"Summerville, SC",Posted 30+ Days Ago,Material Handler
/job/Atlanta-GA/NSS-Senior-Accountant-I_JR6940,JR6940,https://pultegroup.wd1.myworkdayjobs.com/en-US/PGI/job/Atlanta-GA/NSS-Senior-Accountant-I_JR6940,"Atlanta, GA",Posted 30+ Days Ago,NSS Senior Accountant I
/job/Riverview-FL/Assistant-Construction-Manager--Land-O-Lakes-_JR5070,JR5070,https://pultegroup.wd1.myworkdayjobs.com/en-US/PGI/job/Riverview-FL/Assistant-Construction-Manager--Land-O-Lakes-_JR5070,"Riverview, FL",Posted 30+ Days Ago,Assistant Construction Manager (Land O Lakes)
/job/Columbia-SC/Assistant-Construction-Manager---Columbia--SC_JR6844,JR6844,https://pultegroup.wd1.myworkdayjobs.com/en-US/PGI/job/Columbia-SC/Assistant-Construction-Manager---Columbia--SC_JR6844,"Columbia, SC",Posted 30+ Days Ago,"Assistant Construction Manager - Columbia, SC"
/job/Atlanta-GA/Software-Developer-III---Data_JR6856,JR6856,https://pultegroup.wd1.myworkdayjobs.com/en-US/PGI/job/Atlanta-GA/Software-Developer-III---Data_JR6856,"Atlanta, GA",Posted 30+ Days Ago,Software Developer III - Data
/job/Riverview-FL/Division-Financial-Analyst_JR6140,JR6140,https://pultegroup.wd1.myworkdayjobs.com/en-US/PGI/job/Riverview-FL/Division-Financial-Analyst_JR6140,"Riverview, FL",Posted 30+ Days Ago,Division Financial Analyst
/job/Bonita-Springs-FL/Senior-Manager-Market-Intelligence_JR6799,JR6799,https://pultegroup.wd1.myworkdayjobs.com/en-US/PGI/job/Bonita-Springs-FL/Senior-Manager-Market-Intelligence_JR6799,"Bonita Springs, FL",Posted 30+ Days Ago,Senior Manager Market Intelligence
/job/Riverview-FL/Virtual-Customer-Care-Manager_JR6841,JR6841,https://pultegroup.wd1.myworkdayjobs.com/en-US/PGI/job/Riverview-FL/Virtual-Customer-Care-Manager_JR6841,"Riverview, FL",Posted 30+ Days Ago,Virtual Customer Care Manager
/job/Ocala-FL/Division-Director-Land-Acquisition--Ocala-Area-_JR6838,JR6838,https://pultegroup.wd1.myworkdayjobs.com/en-US/PGI/job/Ocala-FL/Division-Director-Land-Acquisition--Ocala-Area-_JR6838,"Ocala, FL",Posted 30+ Days Ago,Division Director Land Acquisition (Ocala Area)
/job/Jacksonville-FL/Staff-Accountant_JR7473,JR7473,https://pultegroup.wd1.myworkdayjobs.com/en-US/PGI/job/Jacksonville-FL/Staff-Accountant_JR7473,"Jacksonville, FL",Posted 30+ Days Ago,Staff Accountant
/job/Salt-Lake-City-UT/Division-Director-Sales_JR7472,JR7472,https://pultegroup.wd1.myworkdayjobs.com/en-US/PGI/job/Salt-Lake-City-UT/Division-Director-Sales_JR7472,"Salt Lake City, UT",Posted 30+ Days Ago,Division Director Sales
/job/Salt-Lake-City-UT/Director-Construction-Operations_JR7471,JR7471,https://pultegroup.wd1.myworkdayjobs.com/en-US/PGI/job/Salt-Lake-City-UT/Director-Construction-Operations_JR7471,"Salt Lake City, UT",Posted 30+ Days Ago,Director Construction Operations
/job/Medina-OH/Land-Project-Manager_JR7446,JR7446,https://pultegroup.wd1.myworkdayjobs.com/en-US/PGI/job/Medina-OH/Land-Project-Manager_JR7446,"Medina, OH",Posted 30+ Days Ago,Land Project Manager
/job/Atlanta-GA/Corporate-Insurance-Representative_JR7447,JR7447,https://pultegroup.wd1.myworkdayjobs.com/en-US/PGI/job/Atlanta-GA/Corporate-Insurance-Representative_JR7447,"Atlanta, GA",Posted 30+ Days Ago,Corporate Insurance Representative
/job/Salt-Lake-City-UT/Sales-Consultant_JR7445,JR7445,https://pultegroup.wd1.myworkdayjobs.com/en-US/PGI/job/Salt-Lake-City-UT/Sales-Consultant_JR7445,"Salt Lake City, UT",Posted 30+ Days Ago,Sales Consultant
/job/Alpharetta-GA/Sales-Consultant--Powder-Springs--GA-_JR7440,JR7440,https://pultegroup.wd1.myworkdayjobs.com/en-US/PGI/job/Alpharetta-GA/Sales-Consultant--Powder-Springs--GA-_JR7440,"Alpharetta, GA",Posted 30+ Days Ago,"Sales Consultant (Powder Springs, GA)"
/job/Coppell-TX/Division-Director-Land-Development---Coppell--TX_JR7420,JR7420,https://pultegroup.wd1.myworkdayjobs.com/en-US/PGI/job/Coppell-TX/Division-Director-Land-Development---Coppell--TX_JR7420,"Coppell, TX",Posted 30+ Days Ago,"Division Director Land Development - Coppell, TX"
/job/Coppell-TX/General-Sales-Manager---Coppell--TX_JR7421,JR7421,https://pultegroup.wd1.myworkdayjobs.com/en-US/PGI/job/Coppell-TX/General-Sales-Manager---Coppell--TX_JR7421,"Coppell, TX",Posted 30+ Days Ago,"General Sales Manager - Coppell, TX"
/job/Savannah-GA/Sales-Consultant---Savannah--GA_JR7433-1,JR7433,https://pultegroup.wd1.myworkdayjobs.com/en-US/PGI/job/Savannah-GA/Sales-Consultant---Savannah--GA_JR7433-1,"Savannah, GA",Posted 30+ Days Ago,"Sales Consultant - Savannah, GA"
/job/Alpharetta-GA/Sales-Trainee_JR6496,JR6496,https://pultegroup.wd1.myworkdayjobs.com/en-US/PGI/job/Alpharetta-GA/Sales-Trainee_JR6496,"Alpharetta, GA",Posted 30+ Days Ago,"Sales Consultant (McDonough, GA)"
/job/Alpharetta-GA/Sales-Consultant--Locust-Grove--GA-_JR7431,JR7431,https://pultegroup.wd1.myworkdayjobs.com/en-US/PGI/job/Alpharetta-GA/Sales-Consultant--Locust-Grove--GA-_JR7431,"Alpharetta, GA",Posted 30+ Days Ago,"Sales Consultant (Locust Grove, GA)"
/job/Charlotte-NC/Sales-Consultant---Charlotte--NC_JR7086,JR7086,https://pultegroup.wd1.myworkdayjobs.com/en-US/PGI/job/Charlotte-NC/Sales-Consultant---Charlotte--NC_JR7086,"Charlotte, NC",Posted 30+ Days Ago,"Sales Consultant - Charlotte, NC"
/job/Greenwood-Village-CO/Assistant-Escrow-Officer--PGP-Title-_JR7171,JR7171,https://pultegroup.wd1.myworkdayjobs.com/en-US/PGI/job/Greenwood-Village-CO/Assistant-Escrow-Officer--PGP-Title-_JR7171,"Greenwood Village, CO",Posted 30+ Days Ago,Assistant Escrow Officer/Receptionist (PGP Title)
/job/Alpharetta-GA/Sales-Trainee--Griffin-Area-_JR6938,JR6938,https://pultegroup.wd1.myworkdayjobs.com/en-US/PGI/job/Alpharetta-GA/Sales-Trainee--Griffin-Area-_JR6938,"Alpharetta, GA",Posted 30+ Days Ago,Sales Consultant (Griffin Area)
/job/Riverview-FL/Host-I_JR7425,JR7425,https://pultegroup.wd1.myworkdayjobs.com/en-US/PGI/job/Riverview-FL/Host-I_JR7425,"Riverview, FL",Posted 30+ Days Ago,Host I
/job/Florence-SC/XMLNAME-1st-Shift-Production-Manager---Truss_JR7422,JR7422,https://pultegroup.wd1.myworkdayjobs.com/en-US/PGI/job/Florence-SC/XMLNAME-1st-Shift-Production-Manager---Truss_JR7422,"Florence, SC",Posted 30+ Days Ago,1st Shift Production Manager - Truss
/job/Bellevue-WA/Division-Director-Land-Acquisition_JR7503,JR7503,https://pultegroup.wd1.myworkdayjobs.com/en-US/PGI/job/Bellevue-WA/Division-Director-Land-Acquisition_JR7503,"Bellevue, WA",Posted 9 Days Ago,Director Land Acquisition
/job/Westborough-MA/New-Home-Sales-Consultant_JR7594,JR7594,https://pultegroup.wd1.myworkdayjobs.com/en-US/PGI/job/Westborough-MA/New-Home-Sales-Consultant_JR7594,"Westborough, MA",Posted 9 Days Ago,New Home Sales Consultant
/job/Westborough-MA/Selling-Sales-Manager_JR7593,JR7593,https://pultegroup.wd1.myworkdayjobs.com/en-US/PGI/job/Westborough-MA/Selling-Sales-Manager_JR7593,"Westborough, MA",Posted 9 Days Ago,Selling Sales Manager
/job/Green-Cove-Springs-FL/Class-A-CDL-Flatbed-Driver_JR7602,JR7602,https://pultegroup.wd1.myworkdayjobs.com/en-US/PGI/job/Green-Cove-Springs-FL/Class-A-CDL-Flatbed-Driver_JR7602,"Green Cove Springs, FL",Posted 9 Days Ago,Class A CDL Flatbed Driver
/job/Riverview-FL/Senior-Procurement-Agent_JR7600,JR7600,https://pultegroup.wd1.myworkdayjobs.com/en-US/PGI/job/Riverview-FL/Senior-Procurement-Agent_JR7600,"Riverview, FL",Posted 10 Days Ago,Senior Procurement Agent
/job/Greensboro-NC/Sales-Consultant---Greensboro--NC_JR7598,JR7598,https://pultegroup.wd1.myworkdayjobs.com/en-US/PGI/job/Greensboro-NC/Sales-Consultant---Greensboro--NC_JR7598,"Greensboro, NC",Posted 10 Days Ago,"Sales Consultant - Greensboro, NC"
/job/Greensboro-NC/Sales-Consultant---Greensboro--NC_JR7597,JR7597,https://pultegroup.wd1.myworkdayjobs.com/en-US/PGI/job/Greensboro-NC/Sales-Consultant---Greensboro--NC_JR7597,"Greensboro, NC",Posted 10 Days Ago,"Sales Consultant - Greensboro, NC"
/job/Greensboro-NC/Sales-Consultant---Greensboro--NC_JR7596,JR7596,https://pultegroup.wd1.myworkdayjobs.com/en-US/PGI/job/Greensboro-NC/Sales-Consultant---Greensboro--NC_JR7596,"Greensboro, NC",Posted 10 Days Ago,"Sales Consultant - Greensboro, NC"
/job/Carmel-IN/New-Home-Sales-Consultant_JR7592,JR7592,https://pultegroup.wd1.myworkdayjobs.com/en-US/PGI/job/Carmel-IN/New-Home-Sales-Consultant_JR7592,"Carmel, IN",Posted 10 Days Ago,New Home Sales Consultant
/job/Myrtle-Beach-SC-ICG/Class-A-CDL-Flatbed-Driver_JR7590,JR7590,https://pultegroup.wd1.myworkdayjobs.com/en-US/PGI/job/Myrtle-Beach-SC-ICG/Class-A-CDL-Flatbed-Driver_JR7590,"Myrtle Beach, SC (ICG)",Posted 10 Days Ago,Class A CDL Flatbed Driver
/job/Jacksonville-FL/Escrow-Manager--PGP-Title-_JR7326,JR7326,https://pultegroup.wd1.myworkdayjobs.com/en-US/PGI/job/Jacksonville-FL/Escrow-Manager--PGP-Title-_JR7326,"Jacksonville, FL",Posted 11 Days Ago,Escrow Manager (PGP Title)
/job/Green-Cove-Springs-FL/Inventory-Control-Administrator_JR7578,JR7578,https://pultegroup.wd1.myworkdayjobs.com/en-US/PGI/job/Green-Cove-Springs-FL/Inventory-Control-Administrator_JR7578,"Green Cove Springs, FL",Posted 11 Days Ago,Inventory Control Administrator
/job/Columbia-SC/Customer-Care-Manager-II_JR7426,JR7426,https://pultegroup.wd1.myworkdayjobs.com/en-US/PGI/job/Columbia-SC/Customer-Care-Manager-II_JR7426,"Columbia, SC",Posted 11 Days Ago,Customer Care Manager II
/job/Englewood-CO/Learning---Development-Specialist--Pulte-Mortgage-_JR7552,JR7552,https://pultegroup.wd1.myworkdayjobs.com/en-US/PGI/job/Englewood-CO/Learning---Development-Specialist--Pulte-Mortgage-_JR7552,5 Locations,Posted 14 Days Ago,Learning & Development Specialist (Pulte Mortgage)
/job/Englewood-CO/Senior-Accountant--Pulte-Mortgage-_JR7458,JR7458,https://pultegroup.wd1.myworkdayjobs.com/en-US/PGI/job/Englewood-CO/Senior-Accountant--Pulte-Mortgage-_JR7458,"Englewood, CO",Posted 14 Days Ago,Senior Accountant (Pulte Mortgage)
/job/Coppell-TX/National-Underwriting---Regulatory-Counsel--PGP-Title-_JR7508,JR7508,https://pultegroup.wd1.myworkdayjobs.com/en-US/PGI/job/Coppell-TX/National-Underwriting---Regulatory-Counsel--PGP-Title-_JR7508,"Coppell, TX",Posted 14 Days Ago,National Underwriting Counsel (PGP Title)
/job/Austin-TX/Branch-Coordinator--Pulte-Mortgage-_JR7584,JR7584,https://pultegroup.wd1.myworkdayjobs.com/en-US/PGI/job/Austin-TX/Branch-Coordinator--Pulte-Mortgage-_JR7584,"Austin, TX",Posted 14 Days Ago,Branch Coordinator (Pulte Mortgage)
/job/Bonita-Springs-FL/Host-I_JR7583,JR7583,https://pultegroup.wd1.myworkdayjobs.com/en-US/PGI/job/Bonita-Springs-FL/Host-I_JR7583,"Bonita Springs, FL",Posted 14 Days Ago,Host I
/job/Conshohocken-PA/Construction-Manager_JR7568,JR7568,https://pultegroup.wd1.myworkdayjobs.com/en-US/PGI/job/Conshohocken-PA/Construction-Manager_JR7568,"Conshohocken, PA",Posted 16 Days Ago,Construction Manager
/job/West-Palm-Beach-FL/Closing-Coordinator_JR7579,JR7579,https://pultegroup.wd1.myworkdayjobs.com/en-US/PGI/job/West-Palm-Beach-FL/Closing-Coordinator_JR7579,"West Palm Beach, FL",Posted 16 Days Ago,Closing Coordinator
/job/Schaumburg-IL/Division-Financial-Analyst_JR7359,JR7359,https://pultegroup.wd1.myworkdayjobs.com/en-US/PGI/job/Schaumburg-IL/Division-Financial-Analyst_JR7359,"Schaumburg, IL",Posted 30+ Days Ago,Division Financial Analyst
/job/Myrtle-Beach-SC/Construction-Manager---Myrtle-Beach--SC_JR7416,JR7416,https://pultegroup.wd1.myworkdayjobs.com/en-US/PGI/job/Myrtle-Beach-SC/Construction-Manager---Myrtle-Beach--SC_JR7416,"Myrtle Beach, SC",Posted 30+ Days Ago,"Construction Manager - Myrtle Beach, SC"
/job/Salt-Lake-City-UT/Manager-Land-Development_JR7414-1,JR7414,https://pultegroup.wd1.myworkdayjobs.com/en-US/PGI/job/Salt-Lake-City-UT/Manager-Land-Development_JR7414-1,"Salt Lake City, UT",Posted 30+ Days Ago,Manager Land Development
/job/Mission-Viejo-CA/Area-Controller--West_JR7406,JR7406,https://pultegroup.wd1.myworkdayjobs.com/en-US/PGI/job/Mission-Viejo-CA/Area-Controller--West_JR7406,"Mission Viejo, CA",Posted 30+ Days Ago,Area Controller- West
/job/Orlando-FL/Manager-of-Land-Planning---Entitlement_JR7407-1,JR7407,https://pultegroup.wd1.myworkdayjobs.com/en-US/PGI/job/Orlando-FL/Manager-of-Land-Planning---Entitlement_JR7407-1,"Orlando, FL",Posted 30+ Days Ago,Manager of Land Planning & Entitlement
/job/Alpharetta-GA/Sales-Consultant_JR7400,JR7400,https://pultegroup.wd1.myworkdayjobs.com/en-US/PGI/job/Alpharetta-GA/Sales-Consultant_JR7400,"Alpharetta, GA",Posted 30+ Days Ago,Sales Consultant (Gwinnett County)
/job/Jacksonville-FL/Commercial-Superintendent_JR7387-1,JR7387,https://pultegroup.wd1.myworkdayjobs.com/en-US/PGI/job/Jacksonville-FL/Commercial-Superintendent_JR7387-1,"Jacksonville, FL",Posted 30+ Days Ago,Commercial Superintendent
/job/Mission-Viejo-CA/Division-Controller-I_JR7401,JR7401,https://pultegroup.wd1.myworkdayjobs.com/en-US/PGI/job/Mission-Viejo-CA/Division-Controller-I_JR7401,"Mission Viejo, CA",Posted 30+ Days Ago,Division Controller I
/job/Atlanta-GA/Senior-Corporate-Auditor--Finance-Leadership-Development_JR7398-1,JR7398,https://pultegroup.wd1.myworkdayjobs.com/en-US/PGI/job/Atlanta-GA/Senior-Corporate-Auditor--Finance-Leadership-Development_JR7398-1,"Atlanta, GA",Posted 30+ Days Ago,"Senior Corporate Auditor, Finance Leadership Development"
/job/Dublin-OH/Land-Acquisition-Manager_JR7392-1,JR7392,https://pultegroup.wd1.myworkdayjobs.com/en-US/PGI/job/Dublin-OH/Land-Acquisition-Manager_JR7392-1,"Dublin, OH",Posted 30+ Days Ago,Land Acquisition Manager
/job/Alpharetta-GA/Sales-Consultant--Dallas-Area-_JR7312,JR7312,https://pultegroup.wd1.myworkdayjobs.com/en-US/PGI/job/Alpharetta-GA/Sales-Consultant--Dallas-Area-_JR7312,"Alpharetta, GA",Posted 30+ Days Ago,"Sales Consultant (Dallas, GA)"
/job/Medina-OH/Customer-Care-Manager-II_JR7373,JR7373,https://pultegroup.wd1.myworkdayjobs.com/en-US/PGI/job/Medina-OH/Customer-Care-Manager-II_JR7373,"Medina, OH",Posted 30+ Days Ago,Customer Care Manager II
/job/West-Palm-Beach-FL/Sales-Consultant_JR7358,JR7358,https://pultegroup.wd1.myworkdayjobs.com/en-US/PGI/job/West-Palm-Beach-FL/Sales-Consultant_JR7358,"West Palm Beach, FL",Posted 30+ Days Ago,Sales Consultant
/job/Green-Cove-Springs-FL/XMLNAME-2nd-Shift-Industrial-Maintenance-Mechanic_JR7348,JR7348,https://pultegroup.wd1.myworkdayjobs.com/en-US/PGI/job/Green-Cove-Springs-FL/XMLNAME-2nd-Shift-Industrial-Maintenance-Mechanic_JR7348,"Green Cove Springs, FL",Posted 30+ Days Ago,2nd Shift Industrial Maintenance Mechanic
/job/Riverview-FL/Host-II_JR6809,JR6809,https://pultegroup.wd1.myworkdayjobs.com/en-US/PGI/job/Riverview-FL/Host-II_JR6809,"Riverview, FL",Posted 30+ Days Ago,Host II
/job/Riverview-FL/Sales-Associate_JR6808,JR6808,https://pultegroup.wd1.myworkdayjobs.com/en-US/PGI/job/Riverview-FL/Sales-Associate_JR6808,"Riverview, FL",Posted 30+ Days Ago,Sales Associate
/job/Medina-OH/New-Home-Sales-Consultant_JR7342,JR7342,https://pultegroup.wd1.myworkdayjobs.com/en-US/PGI/job/Medina-OH/New-Home-Sales-Consultant_JR7342,"Medina, OH",Posted 30+ Days Ago,New Home Sales Consultant
/job/Orlando-FL/Manager-Land-Planning---Entitlements_JR7318-1,JR7318,https://pultegroup.wd1.myworkdayjobs.com/en-US/PGI/job/Orlando-FL/Manager-Land-Planning---Entitlements_JR7318-1,"Orlando, FL",Posted 30+ Days Ago,Manager Land Planning & Entitlements
/job/Alpharetta-GA/Customer-Care-Manager-II--Cumming-Area-_JR7215,JR7215,https://pultegroup.wd1.myworkdayjobs.com/en-US/PGI/job/Alpharetta-GA/Customer-Care-Manager-II--Cumming-Area-_JR7215,"Alpharetta, GA",Posted 30+ Days Ago,Customer Care Manager II (Cumming Area)
/job/Tempe-AZ/Senior-Analyst---CX_JR7299,JR7299,https://pultegroup.wd1.myworkdayjobs.com/en-US/PGI/job/Tempe-AZ/Senior-Analyst---CX_JR7299,2 Locations,Posted 30+ Days Ago,Senior Analyst - CX
/job/Bonita-Springs-FL/Land-Development-Manager_JR7294-1,JR7294,https://pultegroup.wd1.myworkdayjobs.com/en-US/PGI/job/Bonita-Springs-FL/Land-Development-Manager_JR7294-1,"Bonita Springs, FL",Posted 30+ Days Ago,Land Development Manager
/job/Riverview-FL/Construction-Manager_JR7263,JR7263,https://pultegroup.wd1.myworkdayjobs.com/en-US/PGI/job/Riverview-FL/Construction-Manager_JR7263,"Riverview, FL",Posted 30+ Days Ago,Construction Manager
/job/Jacksonville-FL/Sales-Administrator_JR7228,JR7228,https://pultegroup.wd1.myworkdayjobs.com/en-US/PGI/job/Jacksonville-FL/Sales-Administrator_JR7228,"Jacksonville, FL",Posted 30+ Days Ago,Sales Administrator
/job/Bonita-Springs-FL/Market-Intelligence-Senior-Analyst_JR6800,JR6800,https://pultegroup.wd1.myworkdayjobs.com/en-US/PGI/job/Bonita-Springs-FL/Market-Intelligence-Senior-Analyst_JR6800,"Bonita Springs, FL",Posted 30+ Days Ago,Market Intelligence Senior Analyst
/job/Greenville-SC/Manager-Land-Acquisition_JR6501,JR6501,https://pultegroup.wd1.myworkdayjobs.com/en-US/PGI/job/Greenville-SC/Manager-Land-Acquisition_JR6501,"Greenville, SC",Posted 30+ Days Ago,Manager Land Acquisition
/job/Charlotte-NC/Sales-Consultant---Charlotte--NC_JR6473-1,JR6473,https://pultegroup.wd1.myworkdayjobs.com/en-US/PGI/job/Charlotte-NC/Sales-Consultant---Charlotte--NC_JR6473-1,"Charlotte, NC",Posted 30+ Days Ago,"Sales Consultant - Charlotte, NC"
/job/Myrtle-Beach-SC-ICG/Lead-Punch-Carpenter_JR6086,JR6086,https://pultegroup.wd1.myworkdayjobs.com/en-US/PGI/job/Myrtle-Beach-SC-ICG/Lead-Punch-Carpenter_JR6086,"Myrtle Beach, SC (ICG)",Posted 30+ Days Ago,Lead Punch Carpenter
/job/Atlanta-GA/NSS-Senior-Accountant-I_JR4480-1,JR4480,https://pultegroup.wd1.myworkdayjobs.com/en-US/PGI/job/Atlanta-GA/NSS-Senior-Accountant-I_JR4480-1,"Atlanta, GA",Posted 30+ Days Ago,NSS Senior Accountant I
/job/Alpharetta-GA/Civil-Engineering-Project-Manager_JR5917-1,JR5917,https://pultegroup.wd1.myworkdayjobs.com/en-US/PGI/job/Alpharetta-GA/Civil-Engineering-Project-Manager_JR5917-1,"Alpharetta, GA",Posted 30+ Days Ago,Civil Engineering Project Manager
/job/Riverview-FL/Land-Acquisition-Manager_JR5736,JR5736,https://pultegroup.wd1.myworkdayjobs.com/en-US/PGI/job/Riverview-FL/Land-Acquisition-Manager_JR5736,"Riverview, FL",Posted 30+ Days Ago,Land Acquisition Manager
/job/Savannah-GA/Assistant-Construction-Manager---Savannah--GA_JR5077,JR5077,https://pultegroup.wd1.myworkdayjobs.com/en-US/PGI/job/Savannah-GA/Assistant-Construction-Manager---Savannah--GA_JR5077,"Savannah, GA",Posted 30+ Days Ago,"Assistant Construction Manager - Savannah, GA"
/job/Riverview-FL/Customer-Care-Manager-II--Wesley-Chapel-_JR4529,JR4529,https://pultegroup.wd1.myworkdayjobs.com/en-US/PGI/job/Riverview-FL/Customer-Care-Manager-II--Wesley-Chapel-_JR4529,"Riverview, FL",Posted 30+ Days Ago,Customer Care Manager II (Wesley Chapel)
/job/Bonita-Springs-FL/Land-Coordinator_JR5185,JR5185,https://pultegroup.wd1.myworkdayjobs.com/en-US/PGI/job/Bonita-Springs-FL/Land-Coordinator_JR5185,"Bonita Springs, FL",Posted 30+ Days Ago,Land Coordinator
/job/West-Palm-Beach-FL/Construction-Manager_JR4851,JR4851,https://pultegroup.wd1.myworkdayjobs.com/en-US/PGI/job/West-Palm-Beach-FL/Construction-Manager_JR4851,"West Palm Beach, FL",Posted 30+ Days Ago,Construction Manager
